City_ID,City,Lat,Lng,Max Temp,Humidity,Cloudiness,Wind Speed,Country,Date
0,tiksi,71.6872,128.8694,-27.01,96,99,3.34,RU,1738753479
1,ribeira grande,38.5167,-28.7,18.22,94,75,6.26,PT,1738753480
2,cestos city,5.46,-9.5828,28.75,67,12,2.26,LR,1738753482
3,dudinka,69.4058,86.1778,-24.91,99,95,1.39,RU,1738753483
4,cabo san lucas,22.8909,-109.9124,16.27,61,0,4.51,MX,1738753213
5,juan griego,11.0817,-63.9655,23.39,89,94,3.19,VE,1738753485
6,udachny,66.4167,112.4,-22.51,99,100,2.73,RU,1738753331
7,yuzhno-kurilsk,44.0306,145.8556,-2.34,76,65,4.94,RU,1738753487
8,alotau,-10.3069,150.4462,25.68,88,100,3.01,PG,1738753488
9,lae,-6.7221,146.9847,25.1,82,98,0.83,PG,1738753489
10,albany,42.6001,-73.9662,-9.7,63,99,1.79,US,1738753105
11,mount pearl,47.5166,-52.7813,-5.48,85,75,8.23,CA,1738753491
12,enewetak,11.3474,162.3373,27.32,71,100,9.3,MH,1738753493
13,grytviken,-54.2811,-36.5092,2.06,97,99,6.01,GS,1738753494
14,jamestown,42.097,-79.2353,-8.58,85,100,2.57,US,1738753364
15,port mathurin,-19.6833,63.4167,27.49,73,5,2.38,MU,1738753496
16,linxia chengguanzhen,35.6003,103.2064,-8.61,79,98,0.54,CN,1738753497
17,ishinomaki,38.4167,141.3,-1.6,77,89,4.88,JP,1738753498
18,wailua homesteads,22.0669,-159.378,16.44,88,0,4.12,US,1738753499
19,jhang sadr,31.2715,72.3284,22.58,13,0,1.84,PK,1738753500
20,port-aux-francais,-49.35,70.2167,6.55,93,93,8.44,TF,1738753502
21,pisco,-13.7,-76.2167,21.03,94,75,1.03,PE,1738753503
22,saldanha,-33.0117,17.9442,19.83,68,76,10.81,ZA,1738753237
23,longyearbyen,78.2186,15.6401,-2.09,74,75,12.86,SJ,1738753505
24,guerrero negro,27.9769,-114.0611,13.1,92,0,4.48,MX,1738753463
25,port alfred,-33.5906,26.891,23.99,78,88,3.13,ZA,1738753507
26,nuku'alofa,-21.1333,-175.2,23.19,94,75,2.06,TO,1738753508
27,kailua-kona,19.6406,-155.9956,20.31,82,1,0.45,US,1738753356
28,soe,-9.8607,124.284,20.64,86,100,2.16,ID,1738753510
29,fale old settlement,-9.3852,-171.2468,28.5,74,43,7.01,TK,1738753512
30,touros,-5.1989,-35.4608,27.37,76,75,4.33,BR,1738753513
31,ugoofaaru,5.6667,73.0,27.62,67,3,2.81,MV,1738753514
32,machulishchy,53.7788,27.5948,-1.79,59,76,1.39,BY,1738753515
33,kapuskasing,49.4169,-82.4331,-22.95,77,0,4.12,CA,1738753516
34,padangsidempuan,1.3667,99.2667,23.14,92,100,1.38,ID,1738753518
35,sankt polten,48.2,15.6333,3.23,48,78,5.33,AT,1738753519
36,bilibino,68.0546,166.4372,-41.98,94,8,1.59,RU,1738753521
37,port saint john's,-31.6229,29.5448,26.19,82,90,8.45,ZA,1738753522
38,ecoporanga,-18.3733,-40.8306,22.69,82,86,1.66,BR,1738753237
39,iqaluit,63.7506,-68.5145,-32.15,68,40,1.54,CA,1738753524
40,selfoss,63.9331,-20.9971,1.69,78,100,11.03,IS,1738753525
41,olonkinbyen,70.9221,-8.7187,-1.9,75,77,10.46,SJ,1738753526
42,whitehorse,60.7161,-135.0538,-21.22,74,75,0.0,CA,1738753528
43,bredasdorp,-34.5322,20.0403,18.89,58,100,5.23,ZA,1738753529
44,puerto ayora,-0.7393,-90.3518,24.19,99,5,0.45,EC,1738753530
45,rawson,-43.3002,-65.1023,18.16,59,0,7.2,AR,1738753531
46,aykol,38.1751,77.2132,1.45,28,60,3.77,CN,1738753533
47,las palmas,28.4204,-14.0131,17.44,59,75,9.77,ES,1738753534
48,kone,-21.0595,164.8658,24.63,93,99,2.13,NC,1738753535
49,pemangkat,1.1667,108.9667,24.49,92,100,7.81,ID,1738753536
50,puerto natales,-51.7236,-72.4875,9.25,66,75,3.09,CL,1738753537
51,santa cruz,-17.8,-63.1667,24.03,94,75,6.17,BO,1738753340
52,sidi khaled,34.387,4.9879,15.42,44,11,3.4,DZ,1738753539
53,great falls,47.5002,-111.3008,-21.75,75,75,2.57,US,1738753540
54,vernon,50.2581,-119.2691,-17.21,95,76,0.61,CA,1738753542
55,bethel,41.3712,-73.414,-4.32,68,100,0.89,US,1738753491
56,saipan,15.1355,145.701,28.39,75,0,7.72,MP,1738753544
57,koryazhma,61.3143,47.1691,-2.81,94,99,1.81,RU,1738753471
58,ponta delgada,37.7333,-25.6667,18.44,94,75,5.66,PT,1738753546
59,georgetown,5.4112,100.3354,30.97,50,20,4.63,MY,1738753547
60,invercargill,-46.4,168.35,13.9,96,100,3.13,NZ,1738753549
61,petropavlovsk-kamchatsky,53.0452,158.6483,-1.67,59,75,11.0,RU,1738753550
62,sarapul,56.4763,53.7978,-2.78,91,100,1.49,RU,1738753528
63,nanakuli,21.3906,-158.1547,20.97,82,100,1.54,US,1738753554
64,blackmans bay,-43.0167,147.3167,14.07,74,43,2.38,AU,1738753555
65,caibarien,22.5206,-79.4669,22.83,78,98,6.17,CU,1738753556
66,aral,40.5156,81.2636,-1.84,49,100,2.82,CN,1738753557
67,moyale,3.5167,39.0584,32.0,15,73,6.6,KE,1738753558
68,greenville,35.6127,-77.3663,6.75,77,100,3.09,US,1738753335
69,tacna,-18.0056,-70.2483,17.11,77,0,0.0,PE,1738753506
70,papatowai,-46.5619,169.4708,14.01,96,99,3.84,NZ,1738753562
71,punta arenas,-53.15,-70.9167,8.06,71,0,1.54,CL,1738753563
72,patacamaya,-17.2333,-67.9167,6.52,81,25,1.5,BO,1738753564
73,adamstown,-25.066,-130.1015,25.09,78,87,4.79,PN,1738753565
74,ujae,8.9322,165.7642,27.18,84,96,10.94,MH,1738753566
75,port moresby,-9.4431,147.1797,27.68,83,75,2.06,PG,1738753567
76,kodiak,57.79,-152.4072,-8.27,93,0,2.06,US,1738753568
77,muisne,0.6,-80.0333,23.85,90,59,1.24,EC,1738753570
78,port lincoln,-34.7333,135.8667,18.94,63,0,8.22,AU,1738753571
79,uturoa,-16.7333,-151.4333,27.44,76,75,4.84,PF,1738753572
80,hell-ville,-13.4,48.2667,25.93,88,75,1.03,MG,1738753573
81,lihue,21.9789,-159.3672,16.77,88,0,4.12,US,1738753574
82,yellowknife,62.456,-114.3525,-7.55,97,100,4.12,CA,1738753575
83,turpan,42.9333,89.1667,1.5,37,0,1.86,CN,1738753576
84,puerto colombia,10.9878,-74.9547,25.05,84,100,8.02,CO,1738753578
85,west island,-12.1568,96.8225,29.99,84,100,3.6,CC,1738753579
86,edinburgh of the seven seas,-37.0676,-12.3116,17.44,80,35,8.06,SH,1738753580
87,gamba,-2.65,10.0,29.08,75,88,3.11,GA,1738753581
88,atafu village,-8.5421,-172.5159,28.4,76,79,7.48,TK,1738753582
89,mingora,34.7758,72.3625,14.13,30,59,2.75,PK,1738753584
90,villamontes,-21.25,-63.5,20.84,59,33,3.1,BO,1738753585
91,filey,54.21,-0.2892,7.25,64,29,0.89,GB,1738753586
92,stornoway,58.2093,-6.3865,5.61,85,40,5.14,GB,1738753587
93,colonia,50.9333,6.95,4.47,99,96,1.11,DE,1738753322
94,la'ie,21.6477,-157.9253,20.06,81,64,0.45,US,1738753589
95,northam,51.0333,-4.2167,8.78,79,93,0.45,GB,1738753591
96,astrakhan,46.3497,48.0408,1.93,80,100,5.0,RU,1738753592
97,mata-utu,-13.2816,-176.1745,28.75,69,31,2.44,WF,1738753593
98,forster,-32.1667,152.5167,22.43,89,90,0.34,AU,1738753594
99,klyuchi,52.2667,79.1667,-9.29,94,50,4.73,RU,1738753595
100,torghay,49.6339,63.4981,-4.16,86,53,6.69,KZ,1738753596
101,usogorsk,63.4106,48.6872,-2.2,86,100,2.35,RU,1738753598
102,pangai,-19.8,-174.35,25.55,87,99,9.38,TO,1738753600
103,puerto cabezas,14.0351,-83.3888,23.21,91,76,2.86,NI,1738753601
104,taoudenni,22.6783,-3.9836,21.66,15,0,8.2,ML,1738753602
105,iskateley,67.6803,53.1512,-11.2,96,84,4.08,RU,1738753603
106,aasiaat,68.7098,-52.8699,-24.28,98,100,3.17,GL,1738753605
107,jiexiu,37.0244,111.9125,-2.86,27,0,3.35,CN,1738753606
108,coahuayana de hidalgo,18.7,-103.6583,20.79,76,1,1.41,MX,1738753608
109,alaghsas,17.0187,8.0168,32.35,8,22,5.95,NE,1738753609
110,constantia,44.1833,28.65,2.61,58,82,8.45,RO,1738753610
111,ilulissat,69.2167,-51.1,-20.99,54,40,3.09,GL,1738753611
112,sterlibashevo,53.4376,55.2578,-3.39,86,97,3.41,RU,1738753612
113,abepura,-2.6333,140.5833,25.45,94,20,0.51,ID,1738753614
114,halifax,44.6453,-63.5724,-10.31,79,20,4.63,CA,1738753593
115,aquiraz,-3.9014,-38.3911,28.05,87,58,3.24,BR,1738753616
116,saint-francois,46.4154,3.9054,-1.31,100,100,1.54,FR,1738753617
117,hawaiian paradise park,19.5933,-154.9731,18.83,99,100,2.57,US,1738753618
118,nuuk,64.1835,-51.7216,-13.66,66,20,6.69,GL,1738753619
119,hasaki,35.7333,140.8333,5.26,33,73,12.14,JP,1738753620
120,qaqortoq,60.7167,-46.0333,-19.46,72,100,1.17,GL,1738753621
121,ostersund,63.1792,14.6357,2.56,89,40,4.12,SE,1738753622
122,kayangel,8.0823,134.7173,27.31,83,100,6.98,PW,1738753623
123,stanley,54.868,-1.6985,5.85,76,20,4.12,GB,1738753625
124,zacharo,37.4833,21.65,13.94,54,12,2.32,GR,1738753626
125,alice springs,-23.7,133.8833,34.75,21,88,8.23,AU,1738753627
126,isafjordur,66.0755,-23.124,-1.98,93,100,3.6,IS,1738753628
127,talnakh,69.4865,88.3972,-25.61,91,90,2.05,RU,1738753630
128,geraldton,-28.7667,114.6,27.23,65,0,7.2,AU,1738753631
129,san andres,12.5847,-81.7006,27.01,83,40,6.17,CO,1738753633
130,saint-pierre,-21.3393,55.4781,31.82,70,75,4.12,RE,1738753634
131,vytegra,61.0064,36.4481,-7.48,87,22,2.96,RU,1738753635
132,labytnangi,66.6572,66.4183,-22.04,98,48,2.73,RU,1738753387
133,tazovsky,67.4667,78.7,-21.36,100,87,2.7,RU,1738753359
134,portland,45.5234,-122.6762,2.4,92,100,2.68,US,1738753200
135,sinabang,2.4803,96.3801,27.53,80,93,2.12,ID,1738753639
136,dewas,22.9667,76.0667,25.73,22,0,3.54,IN,1738753638
137,takoradi,4.8845,-1.7554,30.01,68,85,2.3,GH,1738753641
138,bata,1.8639,9.7658,29.14,68,100,2.97,GQ,1738753616
139,waitangi,-43.9535,-176.5597,12.12,89,100,1.79,NZ,1738753644
140,baghdad,33.3406,44.4009,21.95,28,0,12.86,IQ,1738753645
141,jumla,29.2747,82.1838,8.55,36,0,3.67,NP,1738753646
142,luganville,-15.5333,167.1667,25.75,85,100,2.64,VU,1738753647
143,college,64.8569,-147.8028,-11.97,73,100,1.54,US,1738753648
144,berdigestyakh,62.0989,126.6992,-39.29,100,37,1.39,RU,1738753649
145,luanda,-8.8368,13.2343,27.45,78,100,2.8,AO,1738753497
146,benguela,-12.5763,13.4055,28.75,65,83,4.37,AO,1738753652
147,puerto lempira,15.2667,-83.7667,23.88,88,100,3.63,HN,1738753653
148,luderitz,-26.6481,15.1594,25.0,53,99,7.84,NA,1738753654
149,linqiong,30.4159,103.4609,8.07,82,97,2.05,CN,1738753519
150,gizo,-8.103,156.8419,28.95,73,100,3.36,SB,1738753656
151,chilliwack,49.1747,-121.9443,-6.36,53,65,2.68,CA,1738753657
152,tuni,17.35,82.55,27.85,58,74,5.57,IN,1738753658
153,chivilcoy,-34.8957,-60.0167,19.25,96,100,4.67,AR,1738753659
154,mosina,52.2454,16.8471,2.16,75,0,4.63,PL,1738753660
155,hirara,24.8,125.2833,15.39,56,64,6.34,JP,1738753662
156,zarghun shahr,32.8473,68.4457,0.26,47,3,3.01,AF,1738753663
157,callao,-12.0667,-77.15,23.18,94,75,3.09,PE,1738753490
158,afaahiti,-17.75,-149.2833,25.93,81,80,5.93,PF,1738753665
159,souillac,-20.5167,57.5167,31.21,74,20,7.2,MU,1738753666
160,nicoya,10.1483,-85.452,20.94,89,4,1.71,CR,1738753667
161,tralee,52.2704,-9.7026,5.14,100,0,0.0,IE,1738753668
162,hermanus,-34.4187,19.2345,21.0,65,100,4.63,ZA,1738753669
163,margaret river,-33.95,115.0667,20.94,77,0,8.05,AU,1738753671
164,quzhou,28.9594,118.8686,9.91,51,98,1.49,CN,1738753672
165,singkil,-7.9855,111.4161,26.43,86,68,1.46,ID,1738753673
166,hithadhoo,-0.6,73.0833,28.06,67,39,5.24,MV,1738753674
167,manicore,-5.8092,-61.3003,22.29,99,100,0.92,BR,1738753675
168,eureka,40.8021,-124.1637,3.68,96,32,2.68,US,1738753521
169,sandanski,41.5667,23.2833,8.0,35,1,2.49,BG,1738753654
170,kayanza,-3.0667,29.6667,23.95,53,100,2.02,BI,1738753680
171,shorapur,16.5167,76.75,33.25,18,3,3.91,IN,1738753681
172,gadzhiyevo,69.2551,33.3362,-8.96,91,100,12.84,RU,1738753682
173,ambovombe,-25.1667,46.0833,27.99,79,93,7.16,MG,1738753683
174,thanh hoa,19.8,105.7667,17.44,77,82,3.0,VN,1738753684
175,uvira,-3.4067,29.1458,28.25,58,100,1.26,CD,1738753685
176,oroqen zizhiqi,50.5667,123.7167,-27.14,99,99,0.9,CN,1738753526
177,ushuaia,-54.8,-68.3,9.81,62,40,2.06,AR,1738753526
178,guichon,-32.35,-57.2,26.73,71,0,4.86,UY,1738753690
179,bardai,11.65,7.2333,30.61,5,5,7.44,NG,1738753691
180,fisterra,42.9049,-9.2629,13.16,77,48,2.18,ES,1738753692
181,polva,58.0603,27.0694,-0.88,67,91,4.18,EE,1738753693
182,ataq,14.5377,46.8319,25.45,21,0,7.38,YE,1738753694
183,carnarvon,-24.8667,113.6333,27.03,79,1,8.18,AU,1738753696
184,karamay,45.6004,84.8661,-11.56,90,72,1.02,CN,1738753697
185,kuanda,56.3161,116.0806,-28.56,92,100,0.63,RU,1738753699
186,la passe,45.5549,-0.8967,8.95,70,100,2.46,FR,1738753700
187,brisas de zicatela,15.8369,-97.0419,24.85,60,2,1.88,MX,1738753701
188,buala,-8.145,159.5921,27.53,79,100,2.0,SB,1738753702
189,tumbes,-3.5667,-80.4414,24.95,75,99,1.42,PE,1738753703
190,tsiombe,-25.3,45.4833,27.92,80,91,7.49,MG,1738753645
191,purwodadi,-7.0868,110.9158,25.54,87,95,8.22,ID,1738753705
192,santana,-0.0583,-51.1817,27.1,89,75,1.03,BR,1738753581
193,lata,40.1629,-8.3327,11.87,52,4,1.19,PT,1738753708
194,strezhevoy,60.7333,77.5889,-16.83,100,87,0.43,RU,1738753709
195,thompson,55.7435,-97.8558,-19.3,82,34,5.75,CA,1738753710
196,lethbridge,49.7,-112.8186,-22.94,70,100,3.09,CA,1738753553
197,darab,28.7519,54.5444,17.56,17,0,2.27,IR,1738753644
198,holualoa,19.6228,-155.9522,18.24,81,4,0.45,US,1738753713
199,arawa,-6.2132,155.5367,25.98,89,100,1.02,PG,1738753714
200,haiku-pauwela,20.9219,-156.3051,20.58,85,40,4.47,US,1738753715
201,susuman,62.7833,148.1667,-42.91,97,30,0.35,RU,1738753716
202,galveston,29.3669,-94.9669,20.59,94,100,4.12,US,1738753718
203,crane,31.3974,-102.3501,16.17,92,1,7.14,US,1738753719
204,sao francisco de assis,-29.5503,-55.1311,30.55,38,0,3.52,BR,1738753720
205,isiro,2.7739,27.616,39.07,16,100,1.1,CD,1738753721
206,guanica,17.9716,-66.908,23.88,62,0,1.99,PR,1738753722
207,khandyga,62.6667,135.6,-39.71,99,14,0.27,RU,1738753723
208,saraipali,21.3333,83.0,34.29,18,44,2.14,IN,1738753724
209,carauari,-4.8828,-66.8958,22.5,99,100,0.96,BR,1738753725
210,gisborne,-38.6533,178.0042,14.46,81,16,1.34,NZ,1738753481
211,nakhon si thammarat,8.25,100.0,26.49,74,59,3.99,TH,1738753690
212,st. john's,47.5649,-52.7093,-5.02,82,58,4.02,CA,1738753729
213,ngala,12.3377,14.1805,30.48,15,25,6.32,NG,1738753730
214,port elizabeth,-33.918,25.5701,25.73,70,28,4.47,ZA,1738753731
215,kisangani,0.5167,25.2,37.77,28,93,1.64,CD,1738753732
216,sitka,57.0531,-135.33,-0.06,64,0,1.54,US,1738753733
217,farnham,51.2143,-0.7959,7.64,90,0,4.12,GB,1738753614
218,lebu,-37.6167,-73.65,16.31,86,100,2.79,CL,1738753735
219,dzhangala,49.2167,50.3333,-0.83,48,100,4.91,KZ,1738753736
220,bac lieu,9.285,105.7244,24.3,73,36,7.04,VN,1738753738
221,ola,59.5833,151.2833,-24.5,86,11,3.41,RU,1738753739
222,queenstown,-31.8976,26.8753,24.12,57,89,9.58,ZA,1738753740
223,nova sintra,14.8667,-24.7167,21.83,66,26,7.95,CV,1738753741
224,karwar,14.8,74.1333,28.08,55,20,3.31,IN,1738753742
225,mugumu,-1.85,34.7,29.28,34,100,1.65,TZ,1738753743
226,marienthal,53.5667,10.0833,5.59,97,100,4.12,DE,1738753629
227,san antonio de pale,-1.4014,5.6325,27.34,82,93,5.34,GQ,1738753745
228,daru,-9.0763,143.2092,26.91,86,100,2.81,PG,1738753746
229,regalbuto,37.6526,14.6409,11.98,74,37,2.42,IT,1738753748
230,minas de marcona,-15.2119,-75.1103,18.27,88,100,2.26,PE,1738753749
231,ancud,-41.8697,-73.8203,13.04,88,97,3.23,CL,1738753750
232,yeppoon,-23.1333,150.7333,23.56,89,100,5.36,AU,1738753751
233,kilimatinde,-5.85,34.95,27.69,56,97,1.48,TZ,1738753752
234,hilo,19.7297,-155.09,18.95,97,100,2.57,US,1738753697
235,saraqib,35.8645,36.8059,7.5,82,100,2.18,SY,1738753754
236,pyhajarvi,67.0701,27.2176,-6.06,94,100,6.28,FI,1738753755
237,avarua,-21.2078,-159.775,25.03,94,100,1.54,CK,1738753756
238,benjamin hill,30.1667,-111.1,13.58,22,0,2.11,MX,1738753758
239,mili,6.0815,171.735,26.99,85,97,10.55,MH,1738753760
240,hadibu,12.65,54.0333,24.62,59,6,5.53,YE,1738753761
241,nova vicosa,-17.8919,-39.3719,27.35,67,7,1.02,BR,1738753762
242,bereeda,11.8704,51.0579,24.28,58,38,5.6,SO,1738753763
243,prince albert,53.2001,-105.7677,-19.21,98,100,0.26,CA,1738753764
244,ust-nera,64.5667,143.2,-40.65,96,45,1.69,RU,1738753766
245,mount gambier,-37.8333,140.7667,14.54,83,1,4.19,AU,1738753767
246,san patricio,28.017,-97.5169,20.97,99,34,2.72,US,1738753768
247,kambove,-10.8764,26.5969,22.15,83,98,2.0,CD,1738753769
248,newman,37.3138,-121.0208,7.25,85,48,0.45,US,1738753522
249,mangrol,21.1167,70.1167,26.18,38,0,3.18,IN,1738753771
250,tindouf,27.6711,-8.1474,17.9,19,0,5.45,DZ,1738753772
251,sangonera la verde,37.9286,-1.2079,16.69,40,0,1.03,ES,1738753773
252,ust-tsilma,65.441,52.1498,-7.32,95,31,2.42,RU,1738753774
253,binzhou,37.3667,118.0167,-3.3,17,0,1.93,CN,1738753776
254,san pedro pochutla,15.7333,-96.4667,22.62,56,2,1.3,MX,1738753777
255,rio gallegos,-51.6226,-69.2181,6.03,70,0,1.03,AR,1738753506
256,tyup,42.7276,78.3648,-5.41,89,20,1.6,KG,1738753779
257,robore,-18.3333,-59.75,23.04,85,58,1.36,BO,1738753780
258,ciudad lazaro cardenas,17.9583,-102.2,21.84,85,0,2.34,MX,1738753781
259,tranqueras,-31.2,-55.75,27.21,66,0,3.02,UY,1738753782
260,lerwick,60.1545,-1.1494,6.61,61,33,8.68,GB,1738753783
261,tual,-5.6667,132.75,28.29,79,82,9.33,ID,1738753785
262,pagar alam,-4.0167,103.2667,22.21,95,74,1.55,ID,1738753786
263,karratha,-20.7377,116.8463,31.23,66,1,7.14,AU,1738753787
264,carbonear,47.7332,-53.2148,-5.55,84,36,7.51,CA,1738753788
265,nagqu,31.5,92.0,4.27,12,27,10.05,CN,1738753743
266,carlsbad,33.1581,-117.3506,11.86,90,100,1.79,US,1738753616
267,chiras,35.4167,65.9823,-7.09,69,1,0.93,AF,1738753791
268,vorgashor,67.5833,63.95,-14.36,97,98,4.1,RU,1738753792
269,elko,41.0002,-115.5012,4.57,91,98,6.26,US,1738753793
270,codrington,-38.2667,141.9667,17.29,76,74,6.2,AU,1738753795
271,poshekhon'ye,58.4993,39.1353,-1.22,83,27,2.75,RU,1738753796
272,kirishi,59.4471,32.0205,-6.94,79,89,3.24,RU,1738753797
273,new norfolk,-42.7826,147.0587,13.29,87,37,0.89,AU,1738753798
274,sidi salim,31.271,30.7867,17.52,53,65,7.94,EG,1738753799
275,rabaul,-4.1967,152.1721,28.29,73,91,3.92,PG,1738753800
276,papao,-17.75,-149.55,26.82,77,64,5.75,PF,1738753801
277,urengoy,65.9667,78.3667,-21.0,100,89,2.25,RU,1738753802
278,tolanaro,-25.0319,46.9987,28.04,94,75,7.2,MG,1738753589
279,itaituba,-4.2761,-55.9836,22.54,100,100,0.06,BR,1738753805
280,qamdo,31.1667,97.2333,6.65,20,0,4.07,CN,1738753806
281,fort bragg,35.139,-79.006,8.79,81,0,3.6,US,1738753808
282,illizi,26.4833,8.4667,16.86,27,100,1.72,DZ,1738753809
283,kirensk,57.7853,108.1119,-32.57,98,95,1.6,RU,1738753810
284,kiunga,-6.1219,141.2906,23.76,98,100,2.44,PG,1738753812
285,parauapebas,-6.0675,-49.9022,25.99,88,75,0.0,BR,1738753813
286,caraballeda,10.6112,-66.8522,24.09,78,20,3.6,VE,1738753685
287,ambo,-10.1308,-76.2047,15.87,89,100,0.87,PE,1738753815
288,anadyr,64.75,177.4833,-34.72,66,5,8.94,RU,1738753816
289,kovdor,67.5662,30.4758,-11.06,87,100,4.9,RU,1738753817
290,vila velha,-20.3297,-40.2925,27.97,65,0,3.09,BR,1738753572
291,andergrove,-21.0833,149.1833,24.6,78,100,5.69,AU,1738753820
292,ouro sogui,15.6,-13.3167,26.51,11,57,8.12,SN,1738753821
293,mallow,52.1333,-8.6333,6.27,75,100,1.15,IE,1738753822
294,neklyudovo,56.4114,43.9814,-1.01,84,68,3.64,RU,1738753823
295,ravar,31.2656,56.8055,14.48,19,0,3.21,IR,1738753824
296,tam ky,15.5667,108.4833,19.45,89,22,1.71,VN,1738753825
297,ghadamis,30.1337,9.5007,16.34,22,83,5.33,LY,1738753826
298,ixtapa,20.7,-105.2,17.35,75,0,1.24,MX,1738753827
299,lompoc,34.6391,-120.4579,13.41,86,100,7.72,US,1738753829
300,gunjur,13.2019,-16.7339,24.22,23,65,7.17,GM,1738753830
301,vanimo,-2.6741,141.3028,26.24,88,88,3.75,PG,1738753831
302,newnham,-41.3833,147.1333,18.53,63,75,3.6,AU,1738753832
303,cafayate,-26.073,-65.9761,23.3,52,100,1.73,AR,1738753597
304,poronaysk,49.2167,143.1167,-0.83,89,100,13.53,RU,1738753834
305,puerto santa,-8.9906,-78.6456,20.73,85,100,2.53,PE,1738753835
306,san luis de la loma,17.2706,-100.8939,22.36,79,3,2.03,MX,1738753837
307,guaranesia,-21.2992,-46.8025,21.16,91,100,1.83,BR,1738753838
308,murray bridge,-35.1167,139.2667,17.93,72,0,5.37,AU,1738753839
309,ewing,40.2698,-74.7999,-0.98,55,100,4.12,US,1738753840
310,griffith,41.5284,-87.4237,-3.92,73,0,3.6,US,1738753841
311,prince rupert,54.3161,-130.3201,0.83,29,0,7.2,CA,1738753842
312,elizabethton,36.3487,-82.2107,7.33,93,100,0.0,US,1738753843
313,gislaved,57.3044,13.5408,4.87,85,100,5.77,SE,1738753844
314,port blair,11.6667,92.75,29.02,74,40,2.57,IN,1738753846
315,sterling,39.0062,-77.4286,1.83,59,100,3.09,US,1738753643
316,akdepe,42.0551,59.3788,9.68,29,6,2.15,TM,1738753848
317,nantucket,41.2835,-70.0995,-3.94,50,0,8.23,US,1738753849
318,zhanjiang,21.2815,110.3427,17.04,74,83,5.99,CN,1738753850
319,lisala,2.15,21.5167,39.95,21,65,0.59,CD,1738753851
320,punta de bombon,-17.1717,-71.7931,21.96,88,74,2.72,PE,1738753852
321,paita,-5.0892,-81.1144,22.1,81,95,3.77,PE,1738753853
322,east london,-33.0153,27.9116,24.76,71,99,10.6,ZA,1738753854
323,suoyarvi,62.0833,32.35,-11.74,87,100,4.28,RU,1738753856
324,mil'kovo,55.6078,37.7956,0.19,62,100,4.78,RU,1738753857
325,salavan,15.7167,106.4167,25.32,44,25,0.78,LA,1738753858
326,deqen,29.9618,90.7188,7.81,11,0,12.72,CN,1738753859
327,bichura,50.5881,107.6022,-19.79,82,100,6.35,RU,1738753860
328,kingston,17.997,-76.7936,21.46,91,66,1.83,JM,1738753861
329,quezon,7.7303,125.0989,22.4,89,100,1.35,PH,1738753862
330,kotlas,61.2611,46.6556,-2.89,94,92,1.27,RU,1738753863
331,chicoana,-25.1009,-65.5331,19.03,57,56,1.03,AR,1738753864
332,richards bay,-28.783,32.0377,37.53,40,3,5.29,ZA,1738753866
333,naze,28.3667,129.4833,11.03,51,72,8.78,JP,1738753867
334,waddan,29.1614,16.139,16.9,30,82,2.19,LY,1738753868
335,mbala,-8.8402,31.3659,19.64,83,100,2.14,ZM,1738753869
336,arraial do cabo,-22.9661,-42.0278,26.92,69,0,7.2,BR,1738753870
337,faya-largeau,17.9257,19.1043,28.94,10,1,10.8,TD,1738753871
338,greymouth,-42.4667,171.2,14.6,94,89,1.15,NZ,1738753872
339,poplar bluff,36.757,-90.3929,7.34,77,100,2.06,US,1738753655
340,bakanas,44.8081,76.2772,-4.0,69,57,2.93,KZ,1738753874
341,alexandria,31.2156,29.9553,16.7,60,60,9.69,EG,1738753876
342,vadso,70.0744,29.7487,-7.91,79,75,11.83,NO,1738753877
343,vorkuta,67.5,64.0,-14.34,97,99,3.88,RU,1738753878
344,ridgecrest,35.6225,-117.6709,11.12,69,39,14.75,US,1738753665
345,calingasta,-31.3308,-69.4078,21.12,45,0,1.88,AR,1738753880
346,phang nga,8.4509,98.5298,27.86,65,29,2.35,TH,1738753881
347,pimentel,-6.8367,-79.9342,21.16,88,0,2.57,PE,1738753882
348,palikir - national government center,6.9248,158.1611,27.55,78,100,10.37,FM,1738753883
349,igrim,63.1906,64.4162,-17.19,98,93,0.96,RU,1738753884
350,puerto baquerizo moreno,-0.9,-89.6,23.7,89,1,3.7,EC,1738753886
351,kabansk,52.0486,106.6528,-20.38,80,100,5.58,RU,1738753887
352,mangochi,-14.4782,35.2645,27.25,71,93,2.61,MW,1738753694
353,tochio-honcho,37.4667,139.0,-1.92,91,100,0.89,JP,1738753889
354,uzgen,40.7699,73.3007,2.68,88,100,0.44,KG,1738753890
355,tambo,-14.8,-73.9167,2.85,92,100,3.04,PE,1738753891
356,ta`u,-14.2336,-169.5144,28.21,70,29,1.27,AS,1738753892
357,buxar,25.5833,83.9833,30.11,30,2,4.69,IN,1738753893
358,burang,30.25,81.1667,-6.56,79,51,4.51,CN,1738753895
359,vanino,49.0869,140.2543,-3.29,90,100,10.94,RU,1738753896
360,hammerfest,70.6634,23.6821,-4.75,86,75,7.2,NO,1738753897
361,linhares,-19.3911,-40.0722,26.68,73,0,1.79,BR,1738753714
362,isangel,-19.55,169.2667,25.57,88,100,0.93,VU,1738753899
363,road town,18.4167,-64.6167,24.02,83,40,4.12,VG,1738753669
364,bam,29.106,58.357,17.62,16,0,4.8,IR,1738753644
365,kerikeri,-35.2268,173.9474,16.62,83,78,2.31,NZ,1738753902
366,tingo maria,-9.2895,-76.0088,20.37,99,100,0.33,PE,1738753903
367,angaur state,6.906,134.13,27.45,77,100,3.71,PW,1738753905
368,san luis,-33.295,-66.3356,20.43,73,100,3.13,AR,1738753640
369,fortuna,40.5982,-124.1573,2.97,93,0,7.2,US,1738753907
370,iranshahr,27.2025,60.6848,21.26,11,0,3.65,IR,1738753802
371,vilyuchinsk,52.9306,158.4028,-3.38,98,84,7.22,RU,1738753909
372,nguigmi,14.2495,13.1092,29.99,10,3,7.95,NE,1738753910
373,leava,-14.3,-178.1667,28.32,69,76,0.62,WF,1738753911
374,concepcion,-36.827,-73.0498,15.89,82,100,1.03,CL,1738753640
375,dickinson,29.4608,-95.0513,20.58,92,100,0.0,US,1738753913
376,huittinen,61.1833,22.7,1.46,86,100,6.02,FI,1738753915
377,pitea,65.3172,21.4794,1.02,98,100,5.81,SE,1738753916
378,sinan,34.8262,126.1086,-1.4,68,100,12.05,KR,1738753917
379,broome,42.2506,-75.833,-7.41,81,100,3.6,US,1738753918
380,merizo village,13.2658,144.6691,27.31,86,99,9.76,GU,1738753920
381,ingeniero guillermo n. juarez,-23.9,-61.85,28.54,51,9,4.1,AR,1738753921
382,lubao,14.9167,120.55,27.84,72,75,4.55,PH,1738753922
383,ulan bator,47.9077,106.8832,-18.93,46,40,7.0,MN,1738753923
384,rio grande,-32.035,-52.0986,25.61,84,10,3.68,BR,1738753925
385,shiguai,40.7058,110.2856,-10.99,55,6,6.63,CN,1738753926
386,sungai raya,0.7,108.9,24.84,90,100,5.68,ID,1738753927
387,turinskaya sloboda,57.6232,64.3858,-4.11,95,92,1.72,RU,1738753929
388,lesnoy,57.6198,63.0784,-4.97,95,89,1.71,RU,1738753930
389,puerto deseado,-47.7503,-65.8938,15.63,63,50,9.9,AR,1738753804
390,happy valley-goose bay,53.3168,-60.3315,-22.83,64,20,2.06,CA,1738753933
391,khilok,51.3674,110.4676,-21.84,98,100,4.89,RU,1738753934
392,rabo de peixe,37.8,-25.5833,17.77,99,75,6.17,PT,1738753935
393,roma,43.2128,-75.4557,-12.92,72,40,0.0,US,1738753691
394,kulim,5.365,100.5618,28.61,82,100,3.49,MY,1738753937
395,lashio,22.9333,97.75,22.67,38,3,1.11,MM,1738753938
396,rutana,-3.8667,30.1,23.24,55,98,2.04,BI,1738753939
397,formosa do rio preto,-11.0483,-45.1931,22.6,66,68,1.87,BR,1738753940
398,khorinsk,52.1657,109.7726,-24.49,84,100,2.82,RU,1738753943
399,tanjung selor,2.8372,117.3642,23.96,96,100,0.83,ID,1738753944
400,nieuw amsterdam,5.8833,-55.0833,25.01,94,20,1.03,SR,1738753945
401,daruvar,45.5906,17.225,5.79,53,10,1.44,HR,1738753946
402,yarovoye,52.9273,78.58,-9.48,95,41,3.87,RU,1738753775
403,majene,-3.5403,118.9707,26.3,83,100,1.17,ID,1738753949
404,undurkhaan,47.3194,110.6556,-18.99,55,100,7.1,MN,1738753950
405,noshiro,40.2039,140.0242,-1.47,60,100,13.07,JP,1738753951
406,amarante do maranhao,-5.5667,-46.7422,23.43,90,36,0.72,BR,1738753952
407,kenai,60.5544,-151.2583,-12.97,92,0,1.54,US,1738753953
408,almeirim,-1.5233,-52.5817,22.46,92,87,0.69,BR,1738753954
409,qarauyl,48.9451,79.255,-14.46,98,81,3.29,KZ,1738753955
410,cofradia,15.4,-88.15,20.49,99,66,0.93,HN,1738753956
411,camocim,-2.9022,-40.8411,26.11,83,70,4.74,BR,1738753960
412,wynyard,-41.0,145.7167,16.77,80,55,1.79,AU,1738753961
413,mormugao,15.4,73.8,29.59,62,12,4.12,IN,1738753962
414,achinsk,56.2694,90.4993,-13.95,96,100,2.13,RU,1738753963
415,westport,41.1415,-73.3579,-2.69,63,0,3.6,US,1738753964
416,lysyye gory,51.5506,44.8414,-0.71,96,100,4.0,RU,1738753965
417,kibaha,-6.7667,38.9167,30.97,49,85,6.58,TZ,1738753757
418,matthew town,20.95,-73.6667,24.1,75,30,8.49,BS,1738753968
419,iyo,33.7514,132.7014,3.01,44,98,3.98,JP,1738753969
420,smithers,54.7804,-127.1743,-24.82,84,0,1.03,CA,1738753970
421,shijiang,27.0819,110.7933,9.36,68,100,1.43,CN,1738753971
422,abatskoye,56.2875,70.4555,-4.63,96,39,1.92,RU,1738753972
423,shenkursk,62.1091,42.896,-4.02,94,55,1.98,RU,1738753973
424,omdurman,15.6445,32.4777,33.42,23,0,5.83,SD,1738753974
425,saurimo,-9.6608,20.3916,25.62,63,100,1.65,AO,1738753977
426,dunedin,-45.8742,170.5036,15.45,92,100,0.89,NZ,1738753978
427,mezcala,20.9333,-102.75,11.44,37,0,0.99,MX,1738753979
428,hutang,31.5333,119.4833,4.28,33,91,4.65,CN,1738753980
429,vila franca do campo,37.7167,-25.4333,18.27,99,88,4.44,PT,1738753981
430,the pas,53.8251,-101.2541,-21.99,71,75,1.54,CA,1738753982
431,hlybokaye,55.1382,27.6879,-1.96,69,97,2.34,BY,1738753983
432,chonchi,-42.6128,-73.8092,13.4,89,99,1.44,CL,1738753984
433,bikenibeu village,1.3673,173.1241,26.98,83,20,6.69,KI,1738753986
434,terenozek,45.05,64.9833,0.53,43,100,7.0,KZ,1738753987
435,piracuruca,-3.9281,-41.7092,27.2,61,80,1.53,BR,1738753988
436,nikolayevsk-on-amure,53.1406,140.73,-5.12,93,100,8.59,RU,1738753989
437,magadan,59.5667,150.8,-23.05,78,14,2.73,RU,1738753990
438,kuta,-8.7233,115.1723,30.97,70,20,1.54,ID,1738753991
439,qulsary,46.9531,54.0198,-0.93,76,98,5.14,KZ,1738753992
440,muscat,23.6139,58.5922,23.28,43,0,4.35,OM,1738753994
441,olyokminsk,60.3736,120.4264,-32.69,100,81,1.69,RU,1738753995
442,youghal,51.95,-7.8506,6.91,71,100,1.66,IE,1738753996
443,ma'rib,15.4591,45.3253,27.28,6,6,3.66,YE,1738753997
444,sainte-anne-des-monts,49.124,-66.4924,-17.07,66,100,7.72,CA,1738753998
445,yanchep,-31.55,115.6833,24.2,67,13,6.68,AU,1738753809
446,chegdomyn,51.1167,133.0167,-14.1,82,100,3.38,RU,1738754003
447,camapua,-19.5314,-54.0439,22.68,92,99,2.72,BR,1738754005
448,la tuque,47.4334,-72.7824,-25.86,84,29,0.51,CA,1738753875
449,that phanom,16.9364,104.7104,26.08,41,1,0.78,TH,1738754007
450,chernyshevskiy,63.0128,112.4714,-36.09,99,100,1.2,RU,1738754008
451,la sarre,48.8002,-79.1996,-26.78,100,100,2.7,CA,1738754010
452,salalah,17.0151,54.0924,25.05,47,0,4.63,OM,1738754012
453,nizhnyaya poyma,56.1622,97.1933,-15.15,95,100,2.93,RU,1738754013
454,tommot,58.9564,126.2925,-37.54,100,40,0.37,RU,1738754014
455,huilong,31.8111,121.655,1.74,61,98,7.07,CN,1738754015
456,egilsstadir,65.2653,-14.3948,-1.05,64,0,4.12,IS,1738754016
457,revda,56.801,59.9303,-3.85,89,75,3.44,RU,1738754017
458,antonio enes,-16.2325,39.9086,29.33,67,99,5.85,MZ,1738754018
459,molln,53.6333,10.6833,5.16,69,100,4.63,DE,1738754020
460,gaiman,-43.2897,-65.4929,19.11,37,71,7.7,AR,1738754021
461,hamilton,39.1834,-84.5333,0.99,74,100,4.63,US,1738754022
462,moundsville,39.9203,-80.7431,-1.58,74,100,0.89,US,1738753933
463,la reforma,25.0833,-108.05,15.18,35,0,1.86,MX,1738754024
464,guarapari,-20.6667,-40.4975,26.07,67,0,4.71,BR,1738753981
465,yinchuan,38.4681,106.2731,-6.78,52,0,2.08,CN,1738753983
466,howard springs,-12.497,131.047,22.95,86,100,4.73,AU,1738754027
467,badger,64.8,-147.5333,-12.58,82,100,1.54,US,1738754029
468,kachug,53.9606,105.8817,-24.04,87,100,3.64,RU,1738754030
469,labuan bajo,-8.4964,119.8877,26.67,85,96,1.77,ID,1738754031
470,cortez,37.3489,-108.5859,5.94,60,0,3.09,US,1738754032
471,macouria,4.9167,-52.3667,24.97,94,75,0.51,GF,1738754033
472,pinheiro,-2.5214,-45.0825,25.54,91,93,1.47,BR,1738754034
473,dul'durga,50.6761,113.5931,-20.88,87,100,4.6,RU,1738754035
474,tamanrasset,22.785,5.5228,16.95,25,40,5.66,DZ,1738754036
475,amursk,50.2261,136.8994,-13.22,73,100,12.38,RU,1738754037
476,braslaw,55.644,27.0455,-1.2,66,99,3.15,BY,1738753818
477,kembe,4.6228,21.8865,38.56,14,90,0.35,CF,1738753878
478,bardoli,21.1167,73.1167,30.59,10,4,4.71,IN,1738754041
479,vieux-habitants,16.0589,-61.7659,24.61,76,6,3.98,GP,1738754042
480,alva,56.1528,-3.8051,2.69,79,16,3.38,GB,1738754043
481,gawler,-34.6,138.7333,21.72,53,0,2.65,AU,1738754044
482,alta,69.9689,23.2717,-8.41,82,100,12.96,NO,1738754045
483,greenwood,34.1668,-82.1165,8.09,93,0,0.0,US,1738753971
484,coatepeque,14.7,-91.8667,22.54,85,0,1.49,GT,1738754047
485,calama,-22.4667,-68.9333,11.27,54,61,6.17,CL,1738754049
486,taroa,8.7058,171.2275,27.3,85,89,10.87,MH,1738754050
487,utrik,11.2278,169.8474,26.55,85,78,9.85,MH,1738754051
488,kaoma,-14.7833,24.8,25.69,73,98,1.61,ZM,1738754052
489,sao joao da barra,-21.6403,-41.0511,28.05,84,0,6.61,BR,1738754053
490,inhambane,-23.865,35.3833,29.8,56,10,4.7,MZ,1738754054
491,serowe,-22.3833,26.7167,33.93,27,36,3.65,BW,1738754055
492,miandrivazo,-19.5167,45.4667,32.62,56,98,3.08,MG,1738754056
493,porsgrunn,59.1405,9.6561,8.01,58,39,4.48,NO,1738754057
494,huarmey,-10.0681,-78.1522,21.55,83,99,2.43,PE,1738754059
495,waspan,14.7419,-83.9717,21.46,98,100,1.51,NI,1738754013
496,nagato,34.3833,131.2,3.07,57,100,11.92,JP,1738754061
497,tutoia,-2.7619,-42.2744,26.2,86,65,4.35,BR,1738754063
498,porteirinha,-15.7433,-43.0283,21.88,65,0,0.84,BR,1738754064
499,beira,-19.8436,34.8389,29.42,62,70,3.68,MZ,1738754065
500,luziania,-16.2525,-47.9503,20.25,86,100,1.41,BR,1738754066
501,indramayu,-6.3264,108.32,27.08,83,34,8.63,ID,1738754068
502,yatou,37.15,122.3833,-6.38,60,49,4.46,CN,1738754069
503,hundested,55.9667,11.8667,7.22,83,84,1.34,DK,1738754070
504,coari,-4.085,-63.1414,23.02,99,100,2.37,BR,1738753969
505,pleiku,13.9833,108.0,18.67,76,8,3.71,VN,1738754072
506,grand falls-windsor,48.9332,-55.6649,-7.5,82,100,1.79,CA,1738754073
507,caleta de carquin,-11.0925,-77.6267,21.17,84,100,2.43,PE,1738754074
508,tura,25.5198,90.2201,24.64,38,2,1.69,IN,1738754075
509,novyy urgal,51.0736,132.5642,-11.49,73,100,4.18,RU,1738754076
510,orcopampa,-15.2661,-72.3417,7.58,80,95,1.68,PE,1738754078
511,parnu,58.3859,24.4971,1.05,86,100,5.66,EE,1738754079
512,libertad,8.9442,125.5019,23.63,95,100,1.28,PH,1738754080
513,pontianak,-0.0333,109.3333,26.99,83,75,4.63,ID,1738754081
514,polyarnyy,69.1989,33.4478,-8.8,92,100,13.64,RU,1738754082
515,lazdynai,54.9422,22.4897,3.73,66,82,2.77,RU,1738754083
516,genhe,50.7833,121.5167,-28.11,99,99,1.44,CN,1738754084
517,lame,10.4415,9.2396,30.51,6,53,3.43,NG,1738754085
518,sorong,-0.8833,131.25,27.36,82,100,5.27,ID,1738754086
519,coxen hole,16.3244,-86.5366,24.6,88,20,1.54,HN,1738754088
520,rawlins,41.7911,-107.2387,6.94,45,0,6.17,US,1738754089
521,staffanstorp,55.6428,13.2064,5.34,93,100,5.66,SE,1738754090
522,kalmunai,7.4167,81.8167,27.26,71,42,5.81,LK,1738754091
523,remire-montjoly,4.9167,-52.2667,25.02,94,75,0.51,GF,1738754092
524,shenjiamen,29.9576,122.298,7.74,61,38,8.28,CN,1738754037
525,amos,48.5669,-78.1162,-28.04,100,100,2.12,CA,1738754094
526,sisimiut,66.9395,-53.6735,-18.2,95,100,2.12,GL,1738754095
527,rundu,-17.9333,19.7667,31.07,40,96,3.09,NA,1738754088
528,neryungri,56.6709,124.6491,-36.04,99,35,1.71,RU,1738754099
529,nogliki,51.8333,143.1667,-2.56,94,100,14.03,RU,1738754100
530,coquimbo,-29.9533,-71.3436,17.85,94,20,2.06,CL,1738753828
531,maumere,-8.6199,122.2111,26.88,82,97,3.42,ID,1738754102
532,ulsteinvik,62.3432,5.8487,5.73,86,100,2.24,NO,1738754103
533,malpe,13.35,74.7167,28.76,59,19,5.71,IN,1738754104
534,kristiansund,63.1115,7.732,5.63,70,75,7.2,NO,1738754105
535,broken hill,-31.95,141.4333,31.92,27,2,4.94,AU,1738754107
536,desaguadero,-16.5656,-69.0417,7.28,78,12,2.77,PE,1738754108
537,ginebra,46.2022,6.1457,3.19,81,75,2.06,CH,1738754059
538,puquio,-14.7,-74.1333,7.84,86,99,2.89,PE,1738754110
539,imbituba,-28.24,-48.6703,25.5,76,97,1.37,BR,1738754111
540,fort st. john,56.2499,-120.8529,-31.06,69,40,2.06,CA,1738754112
541,puerto rosario,-24.45,-57.0833,27.31,67,30,2.29,PY,1738754113
542,pilar do sul,-23.8131,-47.7164,21.45,91,100,2.52,BR,1738754114
543,porto novo,6.4965,2.6036,31.9,51,45,4.98,BJ,1738754115
544,mochudi,-24.4167,26.15,36.76,24,3,2.22,BW,1738754117
545,mulchen,-37.7167,-72.2333,11.23,67,2,0.72,CL,1738753838
546,businga,3.3333,20.8833,40.0,16,41,1.17,CD,1738754119
547,aksu,41.1231,80.2644,-1.79,51,67,2.7,CN,1738754120
548,weno,7.4515,151.8468,27.97,74,75,4.12,FM,1738754121
549,yangzhou,32.3972,119.4358,3.25,42,87,2.81,CN,1738753876
550,korla,41.7597,86.1469,-4.48,64,78,0.67,CN,1738754124
551,ngaruawahia,-37.6674,175.1555,16.22,85,85,0.89,NZ,1738754125
552,floro,61.5996,5.0328,5.98,81,75,6.69,NO,1738754127
553,shingu,33.7333,135.9833,-0.44,59,16,6.31,JP,1738754128
554,bulancak,40.9372,38.2291,3.9,87,75,2.06,TR,1738754129
555,kwolla,8.9333,9.2833,36.54,7,37,2.01,NG,1738754130
556,poltar,48.4309,19.7941,4.27,43,18,1.5,SK,1738754131
557,vikhorevka,56.1201,101.1636,-23.44,95,100,1.54,RU,1738754132
558,tannum sands,-23.9504,151.3693,23.19,94,100,2.57,AU,1738754134
559,mar del plata,-38.0023,-57.5575,20.61,81,100,0.89,AR,1738753896
560,horta,38.5333,-28.6333,17.8,96,75,6.69,PT,1738754136
561,okhotsk,59.3833,143.3,-23.54,78,91,5.14,RU,1738754138
562,kamennomostskiy,44.2983,40.1856,2.27,52,76,3.0,RU,1738754139
563,mitu,1.1983,-70.1733,24.12,79,100,0.39,CO,1738754140
564,thinadhoo,0.5333,72.9333,27.77,68,24,5.0,MV,1738754141
565,aketi,2.7388,23.7833,36.8,28,100,0.54,CD,1738754143
566,banff,51.1762,-115.5698,-24.79,70,100,1.54,CA,1738754144
567,igbo-ora,7.4333,3.2833,34.79,33,81,2.43,NG,1738754145
568,bhawanipur,27.0179,85.0596,29.22,31,1,4.98,NP,1738754146
569,sarmiento,-45.5882,-69.07,13.75,42,43,2.03,AR,1738754147
570,cheremushki,52.8356,91.3944,-11.42,98,78,0.46,RU,1738754148
571,baiyin,36.5583,104.2081,-4.66,40,99,1.77,CN,1738754149
572,teluk nibung,3.001,99.8164,25.72,83,99,0.85,ID,1738754150
573,sandikli,38.4647,30.2695,-0.61,65,92,7.14,TR,1738754151
574,acarau,-2.8856,-40.12,25.91,85,90,4.95,BR,1738754153
575,ruma,45.0081,19.8222,5.86,49,8,2.5,RS,1738754154
576,peterhead,57.5058,-1.7981,5.28,71,19,6.8,GB,1738753893
577,puerto aysen,-45.4,-72.7,9.22,96,100,0.9,CL,1738754156
578,tosontsengel,48.7567,98.2839,-22.26,96,84,3.58,MN,1738754157
579,loukhi,66.0764,33.0381,-10.73,93,100,6.61,RU,1738754158
580,kruisfontein,-34.0033,24.7314,25.07,48,42,9.4,ZA,1738754159
581,selby,53.7833,-1.0667,6.8,76,61,5.06,GB,1738754160
582,balasore,21.4942,86.9317,28.57,54,99,4.25,IN,1738754161
583,ciudad constitucion,25.0369,-111.6644,11.18,94,0,3.23,MX,1738754163
584,uige,-7.6087,15.0613,22.98,83,100,0.57,AO,1738754164
585,saint-philippe,-21.3585,55.7679,28.95,79,36,2.95,RE,1738754165
586,malango,-2.9627,119.9001,20.64,93,100,1.14,ID,1738754166
587,tanout,14.9709,8.8879,29.71,6,15,7.92,NE,1738754167
588,kostomuksha,64.571,30.5767,-8.05,86,100,7.17,RU,1738754168
589,hami,42.8,93.45,-3.88,43,0,3.04,CN,1738754170
590,smirnovo,54.5125,69.4222,-4.31,96,98,3.12,KZ,1738754172
591,brigantine,39.4101,-74.3646,0.59,62,100,1.54,US,1738754167
592,mirny,62.5353,113.9611,-40.72,100,47,1.39,RU,1738754174
593,mesyagutovo,55.5303,58.2528,-2.2,85,100,2.66,RU,1738754175
594,mont-dore,-22.2833,166.5833,27.22,99,100,3.76,NC,1738754176
595,tidjikja,18.5564,-11.4271,22.69,14,0,8.27,MR,1738754177
596,katiola,8.1333,-5.1,34.38,12,8,3.08,CI,1738754178
